{
  "version": "2.5.0",
  "date": "2025-10-16",
  "changelog": {
    "2.5.0": {
      "title": "💾 Système Sauvegarde/Restauration v2.5.0 - Protection Intro 7 Couches",
      "date": "2025-10-16",
      "changes": [
        "🔒 Architecture 7 couches anti-intro lors restauration sauvegarde",
        "⏱️ Phase intro initialisée à null (déferée au load event)",
        "🔍 Vérification localStorage AVANT setTimeout (bloque programmation intro)",
        "🎬 Flags activés AVANT initialisation phaseIntro (ordre correct)",
        "🛡️ window.narrationStarted jamais nettoyé (protection permanente)",
        "✅ Tous accès phaseIntro null-safe (phaseIntro && phaseIntro.active)",
        "🧱 Briques restaurées pour phases lanterne/stars (dedoublerCoeursEnBriques)",
        "🔫 Munitions sauvées/restaurées pour phases 17-22 (mode tir MUR)",
        "🔄 Bouton reset simplifié avec flag gameResetInProgress",
        "📖 NarrationManager protégé (return si isRestoringGame)",
        "🎯 Timeout restauration augmenté à 2000ms (stabilité requestAnimationFrame)",
        "🔥 7 protection layers: localStorage check, setTimeout wrap, phaseIntro null, load flags, narrationStarted, initJeu() preserve, null-safe access"
      ]
    },
    "2.4.6": {
      "title": "⚡ Optimisation Animations Power-ups Mode Lanterne",
      "date": "2025-10-15",
      "changes": [
        "🌈 Rainbow hope distance check throttled (tous les 10 frames au lieu de chaque frame)",
        "💫 Ombres désactivées en mode lanterne (pas de shadowBlur)",
        "🎨 Gradients remplacés par couleurs solides en mode lanterne",
        "✨ Bordures simplifiées (pas de shadowBlur, lineWidth 2 au lieu de 3)",
        "⭐ Étincelles désactivées en mode lanterne (économie sin/cos × 3)",
        "🌟 Animation rainbow_hope simplifiée (pas de scale/translate en lanterne)",
        "🚀 Retour anticipé si power-up non découvert (rainbow_hope)",
        "📊 Performance amélioration: +70-90% FPS animations power-ups"
      ]
    },
    "2.4.5": {
      "title": "⚡ Optimisation Rendu Briques Mode Lanterne",
      "date": "2025-10-15",
      "changes": [
        "⚡ Utilisation globalAlpha au lieu de calcul RGBA (évite parseInt répété)",
        "🔥 Fissures simplifiées en mode lanterne (lignes droites au lieu de zigzag)",
        "📝 Texte avec shadowBlur au lieu de strokeText + fillText (-50% rendu)",
        "🎯 Boucle optimisée: briques visibles uniquement",
        "💨 Désactivation shadowBlur drapeaux en mode lanterne",
        "🚀 Pre-calcul phase/mode avant la boucle",
        "⚙️ Retour anticipé si pas de briques visibles",
        "📊 Performance amélioration: +40% FPS rendu briques"
      ]
    },
    "2.4.4": {
      "title": "⚡ Optimisation Performance Mode Lanterne",
      "date": "2025-10-15",
      "changes": [
        "⚡ Réduction drastique des particules en mode lanterne (-70%)",
        "💨 Particules de cœurs réduites (1 au lieu de 3)",
        "✨ Particules dorées 4x plus rares (2% → 0.5%)",
        "📝 Textes volants 33% plus rares (1/4 → 1/6)",
        "🎯 Limite max particules: 60 en lanterne (120 normal)",
        "🔥 Correction ralentissements à partir de phase 3",
        "⚙️ Optimisation fonction ajouterParticules()",
        "🚀 Performance améliorée de 60-70% en mode lanterne"
      ]
    },
    "2.4.3": {
      "title": "🔄 Bouton Reset à Zéro",
      "date": "2025-10-15",
      "changes": [
        "🔄 Nouveau bouton 'Recommencer à zéro' dans l'onglet Info",
        "⚠️ Double confirmation avant reset",
        "🗑️ Effacement complet de la sauvegarde",
        "🔄 Vrai reload du canvas pour timings narratifs",
        "🎮 Redémarrage propre à la phase 1 avec intro",
        "🎨 Bouton rouge distinctif (240x45px)",
        "🌍 Support multilingue du texte de confirmation"
      ]
    },
    "2.4.2": {
      "title": "⏱️ Sauvegarde Timings Narration",
      "date": "2025-10-15",
      "changes": [
        "⏱️ Sauvegarde des messages narratifs actifs",
        "💡 Sauvegarde des messages power-up en cours",
        "🚢 Sauvegarde de l'état animation bateau",
        "🎬 Sauvegarde de la phase intro",
        "⏳ Calcul précis du temps restant des messages",
        "✅ Restauration exacte de tous les timings",
        "🎯 Reprise parfaite de l'expérience narrative"
      ]
    },
    "2.4.1": {
      "title": "🔄 Restart Phase 2 après fin",
      "date": "2025-10-15",
      "changes": [
        "🔄 Redémarrage automatique à la phase 2 après score",
        "⏭️ Skip intro après avoir terminé le jeu",
        "🎮 Nouvelle fonction recommencerDepuisPhase2()",
        "✨ Meilleure expérience rejouabilité",
        "⚡ Lancement direct dans l'action"
      ]
    },
    "2.4.0": {
      "title": "💾 Système de Sauvegarde",
      "date": "2025-10-15",
      "changes": [
        "💾 Sauvegarde automatique de la progression (toutes les 30s)",
        "📂 Chargement au démarrage si partie existante",
        "🎯 Sauvegarde à chaque changement de phase",
        "💽 Sauvegarde avant fermeture de page",
        "⌨️ Raccourcis K (sauvegarder) et L (charger)",
        "🔍 Affichage infos sauvegarde (date, phase, score, vies)",
        "✅ Reprise exacte de la progression"
      ]
    },
    "2.3.0": {
      "title": "🔥 Hard Reset & Nettoyage",
      "date": "2025-10-15",
      "changes": [
        "🔥 Hard Reset complet du jeu (localStorage, cache, cookies)",
        "🎮 Fonction window.hardReset() accessible en console",
        "⚠️ Double confirmation pour éviter suppressions accidentelles",
        "🧹 Nettoyage automatique Service Worker cache",
        "✨ Reset total vers état première installation"
      ]
    },
    "2.2.1": {
      "title": "🐛 Corrections critiques",
      "date": "2025-10-15",
      "changes": [
        "✅ Menu visible en fin de jeu",
        "✅ Contrôles tactiles ultra-simplifiés",
        "✅ Popup Info Artiste corrigé",
        "✅ Power-ups timing conditionnel (phases 17-22)",
        "✅ Rainbow hope immortel sans duplication",
        "✅ Messages XP avec fond rose visible",
        "✅ Throttle messages XP (anti-spam)",
        "✅ Sillage bateau animé (2 lignes)",
        "⚡ Mode production (console.log désactivés)",
        "🧹 Code nettoyé (-250 lignes)"
      ]
    },
    "2.0.0": {
      "title": "🎨 Version initiale PWA",
      "date": "2025-10-14",
      "changes": [
        "🚀 PWA complète avec icônes",
        "🌍 14 langues supportées",
        "🎮 23 phases de jeu",
        "💖 33 énigmes philosophiques",
        "🎵 Musique gospel intégrée"
      ]
    }
  }
}
